{"version": "1", "message": "ERROR: Hidden Testcases server unreachable.", "problem_id": "ads2_m4_a1_1", "user_id": "sreegayathri", "score": {"sample": {"0": {"execution_time": 0.4559025764465332, "passed": true}, "1": {"execution_time": 0.37054991722106934, "passed": false}, "2": {"execution_time": 0.4669075012207031, "passed": false}, "3": {"execution_time": 0.5645554065704346, "passed": false}, "4": {"execution_time": 0.4996170997619629, "passed": false}, "5": {"execution_time": 0.373410701751709, "passed": false}, "6": {"execution_time": 0.469851016998291, "passed": false}, "7": {"execution_time": 0.4064805507659912, "passed": false}, "8": {"execution_time": 0.5441498756408691, "passed": true}, "9": {"execution_time": 0.40118932723999023, "passed": true}, "10": {"execution_time": 0.40989041328430176, "passed": true}, "11": {"execution_time": 0.38001489639282227, "passed": true}, "12": {"execution_time": 0.4177389144897461, "passed": true}, "13": {"execution_time": 1.5520243644714355, "passed": false}, "14": {"execution_time": 0.44701147079467773, "passed": true}}}, "check_style_score": "0/1"}