{"version": "1", "message": "ERROR: Hidden Testcases server unreachable.", "problem_id": "ads2_m4_a1_1", "user_id": "sreegayathri", "score": {"sample": {"0": {"execution_time": 0.40091943740844727, "passed": true}, "1": {"execution_time": 0.48017406463623047, "passed": false}, "2": {"execution_time": 0.40656423568725586, "passed": false}, "3": {"execution_time": 0.5150151252746582, "passed": false}, "4": {"execution_time": 0.37758636474609375, "passed": false}, "5": {"execution_time": 0.379713773727417, "passed": false}, "6": {"execution_time": 0.29459261894226074, "passed": false}, "7": {"execution_time": 0.40682291984558105, "passed": false}, "8": {"execution_time": 0.46521639823913574, "passed": true}, "9": {"execution_time": 0.47354960441589355, "passed": true}, "10": {"execution_time": 0.4311940670013428, "passed": true}, "11": {"execution_time": 0.45997047424316406, "passed": true}, "12": {"execution_time": 0.42656397819519043, "passed": true}, "13": {"execution_time": 1.3900971412658691, "passed": false}, "14": {"execution_time": 0.36150050163269043, "passed": true}}}, "check_style_score": "0/1"}