{"version": "1", "message": "ERROR: Hidden Testcases server unreachable.", "problem_id": "ads2_m4_a1_1", "user_id": "sreegayathri", "score": {"sample": {"0": {"execution_time": 1.5711805820465088, "passed": false}, "1": {"execution_time": 0.5195744037628174, "passed": false}, "2": {"execution_time": 0.6132445335388184, "passed": false}, "3": {"execution_time": 0.8106999397277832, "passed": false}, "4": {"execution_time": 0.4666738510131836, "passed": false}, "5": {"execution_time": 0.5609793663024902, "passed": false}, "6": {"execution_time": 0.5368332862854004, "passed": false}, "7": {"execution_time": 0.5143251419067383, "passed": false}, "8": {"execution_time": 0.4547102451324463, "passed": false}, "9": {"execution_time": 0.4876556396484375, "passed": false}, "10": {"execution_time": 0.42218685150146484, "passed": false}, "11": {"execution_time": 0.42972731590270996, "passed": false}, "12": {"execution_time": 0.4244651794433594, "passed": false}, "13": {"execution_time": 2.5015132427215576, "passed": false}, "14": {"execution_time": 0.5148646831512451, "passed": false}}}, "check_style_score": "0/1"}