{"version": "1", "message": "ERROR: Hidden Testcases server unreachable.", "problem_id": "ads2_m4_a1_1", "user_id": "sreegayathri", "score": {"sample": {"0": {"execution_time": 0.5121359825134277, "passed": false}, "1": {"execution_time": 0.31568145751953125, "passed": false}, "2": {"execution_time": 0.4449031352996826, "passed": false}, "3": {"execution_time": 0.382465124130249, "passed": false}, "4": {"execution_time": 0.32937026023864746, "passed": false}, "5": {"execution_time": 0.4134383201599121, "passed": false}, "6": {"execution_time": 0.3526887893676758, "passed": false}, "7": {"execution_time": 0.44806456565856934, "passed": false}, "8": {"execution_time": 0.3827364444732666, "passed": false}, "9": {"execution_time": 0.40669703483581543, "passed": false}, "10": {"execution_time": 0.3475627899169922, "passed": false}, "11": {"execution_time": 0.4106433391571045, "passed": false}, "12": {"execution_time": 0.2919163703918457, "passed": false}, "13": {"execution_time": 0.4090158939361572, "passed": false}, "14": {"execution_time": 0.35834431648254395, "passed": false}}}, "check_style_score": "0/1"}