{"version": "1", "message": "ERROR: Hidden Testcases server unreachable.", "problem_id": "ads2_m2_a1_1", "user_id": "sreegayathri", "score": {"sample": {"0": {"execution_time": 0.4170980453491211, "passed": true}, "1": {"execution_time": 0.3330690860748291, "passed": true}, "2": {"execution_time": 0.28542184829711914, "passed": true}, "3": {"execution_time": 0.35379815101623535, "passed": true}, "4": {"execution_time": 0.33526182174682617, "passed": true}, "5": {"execution_time": 0.37982940673828125, "passed": true}, "6": {"execution_time": 0.2997744083404541, "passed": true}, "7": {"execution_time": 0.36257147789001465, "passed": true}, "8": {"execution_time": 0.36185312271118164, "passed": true}, "9": {"execution_time": 0.3805370330810547, "passed": true}, "10": {"execution_time": 0.33850693702697754, "passed": true}, "11": {"execution_time": 0.3139920234680176, "passed": true}, "12": {"execution_time": 0.3563723564147949, "passed": true}, "13": {"execution_time": 0.34525227546691895, "passed": true}, "14": {"execution_time": 0.3924272060394287, "passed": true}, "15": {"execution_time": 0.4545621871948242, "passed": true}, "16": {"execution_time": 0.3951277732849121, "passed": true}, "17": {"execution_time": 0.4387693405151367, "passed": true}, "18": {"execution_time": 0.43138766288757324, "passed": true}, "19": {"execution_time": 0.4973781108856201, "passed": true}, "20": {"execution_time": 0.574150562286377, "passed": true}, "21": {"execution_time": 0.3926684856414795, "passed": true}, "22": {"execution_time": 0.4664754867553711, "passed": true}, "23": {"execution_time": 0.49317383766174316, "passed": true}}}, "check_style_score": "0/1"}