{"version": "1", "message": "ERROR: Hidden Testcases server unreachable.", "problem_id": "ads2_m2_a1_1", "user_id": "sreegayathri", "score": {"sample": {"0": {"execution_time": 0.3190920352935791, "passed": true}, "1": {"execution_time": 0.6332473754882812, "passed": true}, "2": {"execution_time": 0.4486987590789795, "passed": true}, "3": {"execution_time": 0.3786289691925049, "passed": true}, "4": {"execution_time": 0.3368356227874756, "passed": true}, "5": {"execution_time": 0.3754398822784424, "passed": true}, "6": {"execution_time": 0.3436250686645508, "passed": true}, "7": {"execution_time": 0.41449785232543945, "passed": true}, "8": {"execution_time": 0.3509337902069092, "passed": true}, "9": {"execution_time": 0.3381154537200928, "passed": true}, "10": {"execution_time": 0.38224005699157715, "passed": true}, "11": {"execution_time": 0.3613886833190918, "passed": true}, "12": {"execution_time": 0.36010313034057617, "passed": true}, "13": {"execution_time": 0.36765336990356445, "passed": true}, "14": {"execution_time": 0.3335604667663574, "passed": true}, "15": {"execution_time": 0.4003279209136963, "passed": true}, "16": {"execution_time": 0.3581843376159668, "passed": true}, "17": {"execution_time": 0.4472370147705078, "passed": true}, "18": {"execution_time": 0.4329202175140381, "passed": true}, "19": {"execution_time": 0.45752453804016113, "passed": true}, "20": {"execution_time": 0.4874894618988037, "passed": true}, "21": {"execution_time": 0.3827812671661377, "passed": true}, "22": {"execution_time": 0.49489378929138184, "passed": true}, "23": {"execution_time": 0.47034263610839844, "passed": true}}}, "check_style_score": "1/1"}