{"version": "1", "message": "ERROR: Hidden Testcases server unreachable.", "problem_id": "ads2_m16_a1_1", "user_id": "sreegayathri", "score": {"sample": {"0": {"execution_time": 1.018195390701294, "passed": true}, "1": {"execution_time": 0.4185760021209717, "passed": true}, "2": {"execution_time": 1.2099599838256836, "passed": true}, "3": {"execution_time": 0.8889913558959961, "passed": true}, "4": {"execution_time": 0.9083428382873535, "passed": true}, "5": {"execution_time": 1.0879452228546143, "passed": true}, "6": {"execution_time": 1.004732608795166, "passed": true}, "7": {"execution_time": 0.8980121612548828, "passed": true}, "8": {"execution_time": 0.9023406505584717, "passed": true}, "9": {"execution_time": 0.7909767627716064, "passed": true}, "10": {"execution_time": 0.8070774078369141, "passed": true}, "11": {"execution_time": 4.812052011489868, "passed": true}, "12": {"execution_time": 0.8406686782836914, "passed": true}, "13": {"execution_time": 0.6186385154724121, "passed": true}, "14": {"execution_time": 0.9944469928741455, "passed": true}, "15": {"execution_time": 1.2865493297576904, "passed": true}, "16": {"execution_time": 1.3764078617095947, "passed": true}, "17": {"execution_time": 0.7301547527313232, "passed": true}, "18": {"execution_time": 0.5976593494415283, "passed": true}, "19": {"execution_time": 0.7007339000701904, "passed": true}, "20": {"execution_time": 0.7014181613922119, "passed": true}, "21": {"execution_time": 0.6199371814727783, "passed": true}, "22": {"execution_time": 0.5719189643859863, "passed": true}, "23": {"execution_time": 0.6732265949249268, "passed": true}, "24": {"execution_time": 0.5508029460906982, "passed": true}, "25": {"execution_time": 1.2424471378326416, "passed": true}, "26": {"execution_time": 1.1429321765899658, "passed": true}, "27": {"execution_time": 1.4004793167114258, "passed": true}, "28": {"execution_time": 1.8288049697875977, "passed": true}, "29": {"execution_time": 0.6220216751098633, "passed": false}}}, "check_style_score": "0/1"}