{"version": "1", "message": "ERROR: Hidden Testcases server unreachable.", "problem_id": "ads2_m16_a1_1", "user_id": "sreegayathri", "score": {"sample": {"0": {"execution_time": 0.7581758499145508, "passed": true}, "1": {"execution_time": 0.6141417026519775, "passed": true}, "2": {"execution_time": 0.9295110702514648, "passed": true}, "3": {"execution_time": 0.9023795127868652, "passed": true}, "4": {"execution_time": 0.857419490814209, "passed": true}, "5": {"execution_time": 0.8124682903289795, "passed": true}, "6": {"execution_time": 0.7512598037719727, "passed": true}, "7": {"execution_time": 0.8514015674591064, "passed": true}, "8": {"execution_time": 0.9505283832550049, "passed": true}, "9": {"execution_time": 0.9134776592254639, "passed": true}, "10": {"execution_time": 0.7636210918426514, "passed": true}, "11": {"execution_time": 4.144667625427246, "passed": true}, "12": {"execution_time": 0.8926522731781006, "passed": true}, "13": {"execution_time": 0.5406951904296875, "passed": true}, "14": {"execution_time": 0.8141522407531738, "passed": true}, "15": {"execution_time": 0.8213527202606201, "passed": true}, "16": {"execution_time": 0.6205439567565918, "passed": true}, "17": {"execution_time": 0.6876716613769531, "passed": true}, "18": {"execution_time": 0.48732614517211914, "passed": true}, "19": {"execution_time": 0.6689667701721191, "passed": true}, "20": {"execution_time": 0.5866045951843262, "passed": true}, "21": {"execution_time": 0.4939157962799072, "passed": true}, "22": {"execution_time": 0.5601592063903809, "passed": true}, "23": {"execution_time": 0.7657907009124756, "passed": true}, "24": {"execution_time": 0.6568775177001953, "passed": true}, "25": {"execution_time": 1.0084075927734375, "passed": true}, "26": {"execution_time": 1.130936622619629, "passed": true}, "27": {"execution_time": 1.7684838771820068, "passed": true}, "28": {"execution_time": 2.051302909851074, "passed": true}, "29": {"execution_time": 1.605156660079956, "passed": true}}}, "check_style_score": "0/1"}