{"version": "1", "message": "ERROR: Hidden Testcases server unreachable.", "problem_id": "ads2_m6_a1_1", "user_id": "sreegayathri", "score": {"sample": {"0": {"execution_time": 0.46271729469299316, "passed": false}, "1": {"execution_time": 0.42060256004333496, "passed": false}, "2": {"execution_time": 0.43326258659362793, "passed": false}, "3": {"execution_time": 0.49883389472961426, "passed": false}, "4": {"execution_time": 0.4309694766998291, "passed": false}, "5": {"execution_time": 0.5072150230407715, "passed": false}, "6": {"execution_time": 0.46405839920043945, "passed": false}, "7": {"execution_time": 0.43178820610046387, "passed": false}, "8": {"execution_time": 0.35924649238586426, "passed": false}, "9": {"execution_time": 0.441448450088501, "passed": false}, "10": {"execution_time": 0.5162990093231201, "passed": false}, "11": {"execution_time": 0.4483010768890381, "passed": false}}}, "check_style_score": "0/1"}