{"version": "1", "message": "ERROR: Hidden Testcases server unreachable.", "problem_id": "ads2_m4_a1_1", "user_id": "sreegayathri", "score": {"sample": {"0": {"execution_time": 0.5179126262664795, "passed": false}, "1": {"execution_time": 0.5047907829284668, "passed": false}, "2": {"execution_time": 0.5733106136322021, "passed": false}, "3": {"execution_time": 0.4839944839477539, "passed": false}, "4": {"execution_time": 0.5110044479370117, "passed": false}, "5": {"execution_time": 0.45085763931274414, "passed": false}, "6": {"execution_time": 0.5404939651489258, "passed": false}, "7": {"execution_time": 0.45633602142333984, "passed": false}, "8": {"execution_time": 0.4175083637237549, "passed": false}, "9": {"execution_time": 0.37859582901000977, "passed": false}, "10": {"execution_time": 0.36442995071411133, "passed": false}, "11": {"execution_time": 0.47226500511169434, "passed": false}, "12": {"execution_time": 0.46408772468566895, "passed": false}, "13": {"execution_time": 1.7568409442901611, "passed": false}, "14": {"execution_time": 0.3670921325683594, "passed": false}}}, "check_style_score": "0/1"}